{"stats":{"minecraft:killed_by":{"minecraft:creeper":3,"creeperoverhaul:cave_creeper":3,"alexsmobs:grizzly_bear":1,"minecraft:wolf":1},"minecraft:custom":{"minecraft:animals_bred":1,"minecraft:interact_with_crafting_table":137,"minecraft:open_barrel":10,"minecraft:bell_ring":5,"minecraft:eat_cake_slice":13,"minecraft:leave_game":19,"minecraft:time_since_death":526224,"minecraft:sprint_one_cm":3145015,"minecraft:damage_blocked_by_shield":2175,"minecraft:drop":119,"minecraft:talked_to_villager":45,"minecraft:play_time":1028225,"minecraft:deaths":12,"minecraft:jump":13206,"minecraft:walk_on_water_one_cm":87993,"minecraft:interact_with_furnace":101,"minecraft:traded_with_villager":21,"minecraft:interact_with_loom":1,"minecraft:sleep_in_bed":36,"minecraft:damage_dealt":30058,"minecraft:crouch_one_cm":78877,"minecraft:interact_with_smoker":3,"minecraft:inspect_dispenser":4,"minecraft:interact_with_smithing_table":2,"minecraft:interact_with_anvil":11,"minecraft:mob_kills":319,"minecraft:inspect_hopper":1,"minecraft:climb_one_cm":5034,"minecraft:walk_one_cm":2326130,"minecraft:sneak_time":30484,"minecraft:walk_under_water_one_cm":110531,"minecraft:boat_one_cm":351675,"minecraft:interact_with_blast_furnace":1,"minecraft:total_world_time":1028225,"minecraft:time_since_rest":77221,"minecraft:damage_taken":9970,"minecraft:swim_one_cm":287592,"minecraft:fly_one_cm":2354044,"minecraft:open_chest":579,"minecraft:fall_one_cm":340666},"minecraft:dropped":{"minecraft:iron_sword":1,"minecraft:crafting_table":1,"minecraft:rooted_dirt":1,"minecraft:item_frame":2,"minecraft:dirt":4,"minecraft:grass":2,"gravestone:obituary":13,"minecraft:iron_pickaxe":2,"minecraft:gold_ingot":3,"minecraft:gravel":60,"minecraft:wheat":128,"minecraft:rotten_flesh":1,"minecraft:oak_planks":23,"minecraft:azure_bluet":1,"ars_nouveau:sourceberry_bush":5,"create:wheat_flour":140,"minecraft:spruce_slab":2,"botania:black_lotus":2,"minecraft:netherrack":2,"create:andesite_alloy":1,"minecraft:bread":20,"minecraft:iron_ingot":1,"minecraft:wheat_seeds":6,"minecraft:oak_fence":1,"minecraft:cobblestone":142,"minecraft:stick":11,"minecraft:torch":13,"minecraft:pink_petals":3,"minecraft:spruce_sapling":2,"minecraft:kelp":6,"minecraft:sweet_berries":52,"minecraft:tuff":10,"minecraft:spruce_fence":8,"minecraft:shears":1,"minecraft:stone":1,"create:veridium":2,"minecraft:spruce_planks":1,"minecraft:diamond_pickaxe":1,"minecraft:stone_pickaxe":1},"minecraft:used":{"minecraft:iron_shovel":57,"minecraft:spruce_slab":2,"minecraft:oak_sign":14,"minecraft:chest":187,"minecraft:shield":31,"minecraft:iron_sword":721,"minecraft:mutton":3,"create:mechanical_crafter":2,"create:depot":5,"minecraft:furnace_minecart":7,"minecraft:tuff":1,"minecraft:spruce_boat":1,"minecraft:lantern":4,"minecraft:dark_oak_slab":3,"ars_nouveau:sourceberry_bush":81,"minecraft:brown_carpet":1,"minecraft:bow":4,"minecraft:sweet_berries":149,"minecraft:hay_block":11,"create:shaft":6,"minecraft:oak_sapling":1,"minecraft:furnace":21,"create:mechanical_drill":45,"minecraft:acacia_fence":4,"minecraft:gold_block":3,"create:crushing_wheel":2,"minecraft:birch_leaves":1,"minecraft:stone_pickaxe":75,"minecraft:oak_planks":768,"minecraft:ender_pearl":7,"minecraft:blue_bed":12,"minecraft:oak_leaves":44,"minecraft:white_wool":3,"minecraft:sand":8,"minecraft:blast_furnace":14,"minecraft:shears":477,"minecraft:lever":14,"minecraft:bread":175,"minecraft:gravel":1,"create:andesite_casing":8,"create:vertical_gearbox":3,"minecraft:birch_log":4,"minecraft:coarse_dirt":10,"minecraft:bone_meal":186,"minecraft:experience_bottle":1,"minecraft:oak_fence":2,"minecraft:flint_and_steel":4,"minecraft:redstone":5,"minecraft:spruce_planks":3,"minecraft:netherrack":1,"minecraft:torch":392,"minecraft:dirt":64,"minecraft:anvil":1,"minecraft:hopper":3,"minecraft:spruce_fence":25,"minecraft:iron_hoe":503,"minecraft:dark_oak_planks":3,"create:wrench":81,"create:gearbox":6,"minecraft:iron_axe":474,"minecraft:rooted_dirt":12,"create:cart_assembler":16,"minecraft:light_gray_wool":2,"minecraft:minecart":3,"minecraft:cobbled_deepslate":60,"minecraft:cooked_mutton":12,"minecraft:water_bucket":55,"minecraft:birch_planks":56,"minecraft:lead":1,"jet_and_elias_armors:mercenary_gear_helmet":1,"minecraft:spruce_fence_gate":2,"minecraft:leather_boots":1,"create:furnace_minecart_contraption":9,"minecraft:rail":286,"create:encased_fan":1,"minecraft:tnt":2,"minecraft:crafting_table":20,"minecraft:campfire":3,"minecraft:smoker":5,"minecraft:oak_log":28,"create:linear_chassis":23,"minecraft:diamond_pickaxe":1472,"minecraft:apple":2,"create:mechanical_press":10,"minecraft:iron_pickaxe":6198,"create:water_wheel":6,"create:large_water_wheel":6,"minecraft:stone_axe":46,"rechiseled:birch_planks_crate":1,"minecraft:cobblestone":3244,"travelersbackpack:standard":48,"majruszsdifficulty:bandage":3,"minecraft:bucket":62,"alexsmobs:animal_dictionary":2},"minecraft:picked_up":{"minecraft:birch_door":6,"minecraft:wheat":77,"minecraft:creeper_head":2,"create:mechanical_crafter":3,"minecraft:lead":10,"botania:black_double_flower":5,"create:wrench":1,"minecraft:enchanted_book":3,"minecraft:brewing_stand":2,"create:furnace_minecart_contraption":1,"minecraft:string":23,"minecraft:raw_copper":124,"minecraft:experience_bottle":1,"jet_and_elias_armors:brute_armor_helmet":1,"minecraft:oak_sign":10,"create:water_wheel":6,"minecraft:activator_rail":2,"create:mechanical_press":6,"create:cart_assembler":18,"minecraft:gold_nugget":31,"minecraft:cobbled_deepslate":68,"minecraft:iron_pickaxe":2,"minecraft:melon_slice":3,"minecraft:coal_block":16,"minecraft:furnace":13,"minecraft:stick":236,"minecraft:acacia_fence":4,"create:dough":65,"minecraft:oak_fence":3,"minecraft:torch":89,"botania:yellow_mystical_flower":2,"create:andesite_casing":36,"minecraft:diorite":33,"minecraft:brown_carpet":1,"botania:white_mystical_flower":6,"minecraft:rotten_flesh":16,"botania:orange_double_flower":4,"botania:light_gray_mystical_flower":2,"ars_nouveau:worn_notebook":1,"minecraft:iron_block":2,"create:veridium":2,"ars_nouveau:sourceberry_bush":142,"botania:blue_double_flower":8,"minecraft:cobblestone":7517,"minecraft:birch_log":52,"minecraft:furnace_minecart":6,"minecraft:pink_petals":3,"minecraft:birch_slab":1,"minecraft:andesite":194,"minecraft:smoker":2,"minecraft:potato":4,"minecraft:tuff":30,"create:raw_zinc":126,"travelersbackpack:gold_tier_upgrade":1,"minecraft:lapis_lazuli":158,"minecraft:dirt":123,"minecraft:lantern":4,"minecraft:glass":24,"minecraft:bone":84,"minecraft:chipped_anvil":1,"botania:cyan_mystical_flower":11,"minecraft:bow":9,"minecraft:wheat_seeds":47,"botania:pink_mystical_flower":18,"minecraft:raw_gold":51,"create:mechanical_drill":45,"botania:purple_mystical_flower":26,"create:shaft":26,"rechiseled:chisel":2,"minecraft:bamboo":28,"botania:gray_mystical_flower":46,"create:super_glue":8,"minecraft:oak_planks":141,"botania:red_mystical_flower":8,"minecraft:poisonous_potato":6,"minecraft:sand":153,"minecraft:melon":2,"minecraft:ink_sac":8,"minecraft:lily_of_the_valley":42,"minecraft:barrel":1,"travelersbackpack:white_sleeping_bag":1,"minecraft:diamond":1,"minecraft:spruce_boat":2,"minecraft:lever":15,"minecraft:grass":2,"alexsmobs:maggot":5,"minecraft:emerald":17,"minecraft:bread":17,"minecraft:rooted_dirt":23,"minecraft:oak_sapling":269,"minecraft:netherrack":3,"botania:brown_mushroom":21,"minecraft:oak_leaves":848,"minecraft:cocoa_beans":20,"majruszsdifficulty:tattered_boots":1,"minecraft:coarse_dirt":15,"minecraft:crafting_table":10,"minecraft:azure_bluet":1,"minecraft:leather_leggings":2,"minecraft:brown_mushroom":18,"minecraft:stone_brick_wall":16,"minecraft:gold_block":8,"gravestone:obituary":4,"minecraft:flint_and_steel":1,"minecraft:item_frame":35,"minecraft:white_carpet":2,"minecraft:iron_shovel":1,"botania:magenta_mystical_flower":6,"minecraft:iron_nugget":33,"minecraft:light_gray_wool":2,"minecraft:minecart":3,"minecraft:chest":74,"minecraft:birch_sapling":22,"create:linear_chassis":3,"create:polished_rose_quartz":12,"minecraft:raw_iron":388,"minecraft:stone":9,"minecraft:white_dye":12,"create:windmill_bearing":1,"botania:lime_double_flower":1,"minecraft:redstone":312,"create:zinc_ingot":107,"create:vertical_gearbox":3,"minecraft:dark_oak_planks":1,"botania:black_lotus":3,"ars_nouveau:music_disc_firel_the_wild_hunt":2,"minecraft:arrow":221,"botania:lime_mystical_flower":31,"minecraft:peony":9,"minecraft:shears":2,"minecraft:hay_block":132,"botania:blue_mystical_flower":58,"minecraft:stripped_dark_oak_wood":14,"create:depot":2,"minecraft:gold_ingot":56,"botania:green_mystical_flower":6,"minecraft:mutton":16,"minecraft:rail":377,"minecraft:white_wool":66,"minecraft:stripped_oak_log":2,"create:iron_sheet":5,"minecraft:birch_leaves":1,"minecraft:glow_ink_sac":8,"minecraft:leather":4,"alexsmobs:acacia_blossom":1,"minecraft:birch_planks":115,"ars_nouveau:wilden_wing":1,"minecraft:oak_log":335,"create:andesite_alloy":27,"minecraft:gunpowder":17,"minecraft:blue_bed":12,"botania:light_blue_mystical_flower":24,"botania:black_mystical_flower":46,"botania:yellow_mushroom":4,"create:crushing_wheel":6,"minecraft:apple":30,"minecraft:kelp":210,"majruszsdifficulty:tattered_leggings":3,"minecraft:iron_ingot":198,"minecraft:stone_pickaxe":2,"minecraft:iron_sword":3,"minecraft:acacia_sapling":21,"create:mechanical_saw":4,"minecraft:dark_oak_slab":8,"create:large_water_wheel":6,"minecraft:sweet_berries":292,"minecraft:raw_iron_block":1,"minecraft:dripstone_block":2,"minecraft:gravel":61,"minecraft:spruce_sapling":4,"minecraft:blast_furnace":6,"majruszsdifficulty:bandage":5,"minecraft:spruce_log":26,"minecraft:spider_eye":1,"create:gearbox":5,"create:wheat_flour":184,"travelersbackpack:standard":22,"minecraft:pumpkin_seeds":2,"minecraft:purple_bed":1,"minecraft:slime_ball":114,"create:encased_fan":1,"botania:orange_mystical_flower":38,"minecraft:cherry_sapling":6,"minecraft:oak_button":2,"minecraft:melon_seeds":8,"botania:brown_mystical_flower":2,"majruszsdifficulty:tattered_chestplate":2,"minecraft:coal":488,"minecraft:ender_pearl":1},"minecraft:killed":{"minecraft:cave_spider":1,"minecraft:spider":3,"minecraft:skeleton":248,"creeperoverhaul:cave_creeper":1,"minecraft:zombie_villager":2,"minecraft:sheep":11,"minecraft:trader_llama":2,"minecraft:zombie":16,"minecraft:stray":3,"alexsmobs:fly":4,"creeperoverhaul:badlands_creeper":3,"creeperoverhaul:snowy_creeper":1,"minecraft:husk":14,"majruszsdifficulty:cursed_armor":1,"minecraft:squid":4},"minecraft:mined":{"minecraft:dark_oak_planks":1,"create:deepslate_zinc_ore":56,"botania:red_mystical_flower":7,"create:andesite_casing":16,"botania:pink_double_flower":2,"minecraft:brewing_stand":1,"travelersbackpack:red_sleeping_bag":1,"minecraft:stone_brick_wall":9,"minecraft:grass_block":59,"minecraft:coal_block":16,"botania:black_double_flower":3,"ars_nouveau:sourceberry_bush":37,"minecraft:oak_wall_sign":5,"botania:light_gray_mystical_flower":1,"minecraft:tall_seagrass":4,"minecraft:raw_iron_block":2,"botania:purple_mystical_flower":13,"minecraft:mossy_cobblestone_slab":2,"minecraft:mossy_cobblestone_stairs":1,"minecraft:iron_ore":189,"minecraft:cobbled_deepslate":1,"minecraft:fire":30,"botania:lime_double_flower":1,"minecraft:deepslate_lapis_ore":11,"minecraft:oak_sign":1,"minecraft:dirt_path":3,"minecraft:light_gray_concrete":1,"botania:brown_mystical_flower":2,"botania:light_blue_mystical_flower":12,"minecraft:iron_block":2,"create:veridium":2,"create:mechanical_press":6,"botania:green_mystical_flower":6,"minecraft:deepslate_redstone_ore":31,"botania:orange_mystical_flower":19,"minecraft:brown_mushroom":18,"minecraft:kelp_plant":32,"minecraft:smoker":2,"minecraft:powder_snow":23,"minecraft:torch":38,"minecraft:blast_furnace":6,"minecraft:melon":1,"botania:purple_double_flower":1,"minecraft:chest":66,"minecraft:cobblestone":174,"botania:brown_mushroom":1,"botania:blue_mystical_flower":28,"minecraft:oak_planks":83,"botania:black_mystical_flower":20,"botania:blue_double_flower":4,"minecraft:wall_torch":14,"create:large_water_wheel":4,"minecraft:pink_petals":2,"minecraft:seagrass":10,"minecraft:dark_oak_slab":3,"minecraft:birch_log":52,"minecraft:wheat":3,"minecraft:grass":68,"minecraft:oak_log":200,"minecraft:acacia_fence":4,"minecraft:sand":98,"minecraft:dirt":36,"minecraft:dispenser":1,"minecraft:netherrack":2,"create:linear_chassis":2,"minecraft:oak_leaves":791,"minecraft:deepslate":51,"create:zinc_ore":59,"minecraft:tuff":17,"botania:orange_double_flower":2,"gravestone:gravestone":12,"minecraft:lever":12,"create:depot":2,"minecraft:redstone_wire":4,"create:encased_fan":1,"travelersbackpack:white_sleeping_bag":3,"minecraft:birch_slab":1,"minecraft:spruce_leaves":31,"minecraft:kelp":3,"minecraft:rooted_dirt":3,"minecraft:large_fern":13,"minecraft:hay_block":132,"create:shaft":9,"minecraft:redstone_ore":3,"botania:magenta_mystical_flower":3,"minecraft:furnace":13,"minecraft:andesite":202,"minecraft:gold_block":8,"minecraft:peony":4,"minecraft:deepslate_iron_ore":74,"create:cart_assembler":15,"minecraft:rail":250,"minecraft:stripped_oak_log":2,"botania:yellow_mushroom":2,"minecraft:bamboo":1,"minecraft:stone":6034,"minecraft:white_wool":5,"minecraft:acacia_leaves":178,"botania:lime_mystical_flower":31,"minecraft:glass_pane":3,"minecraft:lily_of_the_valley":21,"minecraft:brown_carpet":2,"travelersbackpack:standard":18,"minecraft:crafting_table":9,"minecraft:emerald_ore":6,"create:water_wheel":6,"minecraft:campfire":3,"minecraft:copper_ore":31,"minecraft:tall_grass":11,"minecraft:deepslate_gold_ore":24,"minecraft:diorite":20,"minecraft:blue_bed":12,"botania:pink_mystical_flower":18,"minecraft:purple_bed":1,"create:water_wheel_structure":1,"botania:cyan_mystical_flower":9,"minecraft:coarse_dirt":6,"create:gearbox":7,"minecraft:sweet_berry_bush":85,"minecraft:spruce_log":25,"minecraft:birch_leaves":68,"create:crushing_wheel":4,"create:mechanical_drill":45,"botania:white_mystical_flower":5,"botania:yellow_mystical_flower":1,"minecraft:coal_ore":268,"minecraft:cocoa":4,"minecraft:cherry_leaves":18,"create:mechanical_crafter":2,"minecraft:gravel":15,"minecraft:cobweb":22,"botania:gray_mystical_flower":23,"minecraft:gold_ore":2,"minecraft:chipped_anvil":1,"minecraft:fern":12},"minecraft:broken":{"minecraft:shears":2,"minecraft:iron_sword":2,"minecraft:iron_hoe":2,"minecraft:iron_axe":1,"minecraft:leather_boots":1,"minecraft:iron_pickaxe":24},"minecraft:crafted":{"botania:green_petal":12,"minecraft:oak_planks":2016,"minecraft:barrel":1,"minecraft:oak_sign":6,"minecraft:stone":18,"minecraft:lever":1,"minecraft:heavy_weighted_pressure_plate":4,"minecraft:cooked_mutton":12,"minecraft:green_dye":12,"minecraft:glass":36,"minecraft:hopper":3,"jet_and_elias_armors:mercenary_gear_chestplate":1,"create:cart_assembler":1,"create:mechanical_press":3,"minecraft:chest":146,"minecraft:rail":48,"create:cogwheel":5,"minecraft:smoker":4,"minecraft:furnace_minecart":1,"create:depot":3,"minecraft:emerald":15,"minecraft:crafting_table":11,"minecraft:spruce_planks":112,"create:mechanical_saw":4,"travelersbackpack:standard":1,"minecraft:iron_helmet":1,"majruszsdifficulty:bandage":8,"minecraft:birch_planks":192,"minecraft:campfire":3,"botania:lime_petal":64,"rechiseled:chisel":2,"create:gearbox":1,"create:encased_fan":1,"minecraft:tnt":2,"minecraft:dark_oak_slab":6,"minecraft:diamond_pickaxe":1,"create:water_wheel":4,"minecraft:shield":1,"create:super_glue":7,"minecraft:stick":276,"minecraft:iron_ingot":269,"minecraft:iron_pickaxe":23,"minecraft:iron_block":6,"minecraft:gold_ingot":45,"create:propeller":1,"minecraft:spruce_fence_gate":2,"minecraft:shears":3,"minecraft:raw_iron":297,"minecraft:coal":144,"create:wrench":1,"minecraft:leather_boots":1,"minecraft:iron_nugget":99,"minecraft:furnace":23,"minecraft:blast_furnace":8,"minecraft:bone_meal":186,"minecraft:spruce_fence":33,"minecraft:white_carpet":3,"jet_and_elias_armors:mercenary_gear_helmet":1,"travelersbackpack:white_sleeping_bag":2,"minecraft:iron_axe":2,"minecraft:iron_hoe":2,"minecraft:spruce_slab":6,"minecraft:slime_ball":76,"minecraft:lime_dye":64,"minecraft:stone_pickaxe":2,"minecraft:spruce_boat":1,"jet_and_elias_armors:brute_armor_helmet":1,"minecraft:dark_oak_planks":56,"create:windmill_bearing":1,"minecraft:minecart":1,"minecraft:wheat":1089,"create:andesite_alloy":31,"travelersbackpack:backpack_tank":2,"minecraft:iron_sword":2,"create:dough":1,"create:large_water_wheel":4,"minecraft:bucket":2,"minecraft:stone_axe":1,"minecraft:bread":323,"minecraft:air":0,"minecraft:iron_shovel":1,"minecraft:anvil":1,"create:shaft":24,"jet_and_elias_armors:mercenary_gear_leggings":1,"minecraft:torch":548,"create:zinc_ingot":107}},"DataVersion":3465}