{"stats":{"minecraft:killed":{"creeperoverhaul:badlands_creeper":1,"creeperoverhaul:snowy_creeper":1,"minecraft:skeleton":1,"majruszsdifficulty:cursed_armor":1,"minecraft:sheep":8,"alexsmobs:fly":1},"minecraft:custom":{"minecraft:mob_kills":14,"minecraft:interact_with_crafting_table":23,"minecraft:open_barrel":6,"minecraft:bell_ring":1,"minecraft:eat_cake_slice":3,"minecraft:leave_game":3,"minecraft:time_since_death":32186,"minecraft:climb_one_cm":466,"minecraft:sprint_one_cm":637648,"minecraft:walk_one_cm":357609,"minecraft:damage_blocked_by_shield":1155,"minecraft:drop":26,"minecraft:talked_to_villager":2,"minecraft:play_time":188133,"minecraft:deaths":6,"minecraft:sneak_time":13473,"minecraft:walk_under_water_one_cm":9067,"minecraft:boat_one_cm":351675,"minecraft:jump":3716,"minecraft:walk_on_water_one_cm":16509,"minecraft:total_world_time":188133,"minecraft:interact_with_furnace":14,"minecraft:interact_with_loom":1,"minecraft:sleep_in_bed":12,"minecraft:time_since_rest":32217,"minecraft:damage_taken":3860,"minecraft:damage_dealt":1915,"minecraft:swim_one_cm":59772,"minecraft:fly_one_cm":704693,"minecraft:open_chest":41,"minecraft:crouch_one_cm":38173,"minecraft:interact_with_smoker":3,"minecraft:fall_one_cm":111664},"minecraft:broken":{"minecraft:iron_pickaxe":3},"minecraft:dropped":{"minecraft:bread":1,"minecraft:iron_sword":1,"minecraft:wheat_seeds":1,"minecraft:dirt":1,"gravestone:obituary":5,"minecraft:spruce_sapling":2,"minecraft:kelp":6,"minecraft:sweet_berries":52,"ars_nouveau:sourceberry_bush":5},"minecraft:mined":{"create:zinc_ore":3,"botania:red_mystical_flower":2,"gravestone:gravestone":6,"minecraft:grass_block":7,"minecraft:stone_brick_wall":6,"botania:black_double_flower":1,"minecraft:spruce_leaves":30,"ars_nouveau:sourceberry_bush":37,"minecraft:kelp":2,"minecraft:large_fern":13,"minecraft:tall_seagrass":3,"minecraft:furnace":4,"minecraft:iron_ore":43,"minecraft:fire":5,"minecraft:gold_block":2,"minecraft:dirt_path":3,"minecraft:light_gray_concrete":1,"minecraft:stone":775,"minecraft:white_wool":2,"botania:lime_mystical_flower":1,"minecraft:brown_mushroom":9,"minecraft:glass_pane":3,"minecraft:smoker":2,"minecraft:powder_snow":23,"minecraft:torch":1,"minecraft:crafting_table":5,"minecraft:chest":3,"minecraft:tall_grass":3,"minecraft:copper_ore":4,"minecraft:cobblestone":2,"botania:blue_mystical_flower":8,"minecraft:blue_bed":11,"botania:blue_double_flower":1,"botania:black_mystical_flower":8,"minecraft:wall_torch":1,"botania:cyan_mystical_flower":1,"minecraft:purple_bed":1,"minecraft:birch_log":16,"minecraft:sweet_berry_bush":85,"minecraft:spruce_log":5,"minecraft:birch_leaves":9,"minecraft:grass":14,"botania:white_mystical_flower":1,"minecraft:coal_ore":67,"minecraft:oak_log":5,"minecraft:sand":36,"minecraft:dirt":6,"minecraft:oak_leaves":2,"minecraft:fern":6},"minecraft:killed_by":{"minecraft:wolf":1,"minecraft:creeper":3,"alexsmobs:grizzly_bear":1},"minecraft:crafted":{"minecraft:oak_planks":20,"minecraft:leather_boots":1,"minecraft:furnace":1,"minecraft:heavy_weighted_pressure_plate":1,"minecraft:cooked_mutton":12,"jet_and_elias_armors:mercenary_gear_helmet":1,"minecraft:glass":36,"travelersbackpack:white_sleeping_bag":2,"minecraft:chest":3,"minecraft:spruce_boat":1,"jet_and_elias_armors:brute_armor_helmet":1,"minecraft:crafting_table":2,"minecraft:spruce_planks":32,"travelersbackpack:backpack_tank":2,"minecraft:iron_helmet":1,"travelersbackpack:standard":1,"minecraft:birch_planks":64,"minecraft:stone_axe":1,"minecraft:air":0,"minecraft:shield":1,"minecraft:stick":44,"minecraft:iron_ingot":23,"minecraft:iron_pickaxe":2,"minecraft:gold_ingot":18,"minecraft:torch":96},"minecraft:picked_up":{"minecraft:crafting_table":5,"minecraft:creeper_head":2,"minecraft:leather_leggings":1,"minecraft:brown_mushroom":9,"botania:black_double_flower":2,"minecraft:stone_brick_wall":6,"minecraft:gold_block":2,"minecraft:raw_copper":34,"jet_and_elias_armors:brute_armor_helmet":1,"minecraft:gold_nugget":21,"minecraft:chest":3,"minecraft:birch_sapling":2,"minecraft:furnace":4,"minecraft:raw_iron":55,"minecraft:stick":27,"minecraft:torch":2,"ars_nouveau:music_disc_firel_the_wild_hunt":2,"botania:lime_mystical_flower":1,"minecraft:arrow":8,"minecraft:rotten_flesh":2,"botania:blue_mystical_flower":12,"ars_nouveau:sourceberry_bush":116,"botania:blue_double_flower":2,"minecraft:mutton":12,"minecraft:white_wool":11,"minecraft:cobblestone":788,"minecraft:birch_log":16,"minecraft:smoker":2,"minecraft:potato":4,"minecraft:birch_planks":32,"create:raw_zinc":6,"minecraft:oak_log":5,"minecraft:gunpowder":12,"minecraft:dirt":42,"minecraft:blue_bed":11,"botania:black_mystical_flower":14,"minecraft:bone":2,"botania:cyan_mystical_flower":1,"minecraft:kelp":6,"minecraft:wheat_seeds":8,"minecraft:iron_ingot":2,"minecraft:iron_sword":1,"botania:red_mystical_flower":3,"minecraft:sweet_berries":292,"minecraft:dripstone_block":2,"minecraft:sand":36,"minecraft:spruce_sapling":4,"minecraft:spruce_log":6,"travelersbackpack:standard":1,"minecraft:purple_bed":1,"minecraft:spruce_boat":1,"minecraft:emerald":1,"minecraft:coal":155},"minecraft:used":{"minecraft:flint_and_steel":1,"minecraft:spruce_planks":3,"minecraft:chest":3,"minecraft:shield":15,"minecraft:iron_sword":50,"minecraft:torch":84,"minecraft:dirt":19,"minecraft:spruce_boat":1,"minecraft:sweet_berries":149,"minecraft:furnace":2,"ars_nouveau:sourceberry_bush":81,"minecraft:cooked_mutton":4,"minecraft:birch_planks":12,"jet_and_elias_armors:mercenary_gear_helmet":1,"minecraft:blue_bed":11,"minecraft:leather_boots":1,"minecraft:crafting_table":7,"minecraft:smoker":1,"minecraft:bread":16,"minecraft:iron_pickaxe":924,"minecraft:stone_axe":20,"minecraft:cobblestone":146,"travelersbackpack:standard":3,"alexsmobs:animal_dictionary":2}},"DataVersion":3465}