{"stats":{"minecraft:killed_by":{"minecraft:creeper":3,"creeperoverhaul:cave_creeper":3,"alexsmobs:grizzly_bear":1,"minecraft:wolf":1},"minecraft:custom":{"minecraft:animals_bred":1,"minecraft:interact_with_crafting_table":118,"minecraft:open_barrel":10,"minecraft:bell_ring":5,"minecraft:eat_cake_slice":13,"minecraft:leave_game":18,"minecraft:time_since_death":407422,"minecraft:sprint_one_cm":2811961,"minecraft:damage_blocked_by_shield":1980,"minecraft:drop":119,"minecraft:talked_to_villager":45,"minecraft:play_time":909423,"minecraft:deaths":12,"minecraft:jump":11695,"minecraft:walk_on_water_one_cm":63761,"minecraft:interact_with_furnace":77,"minecraft:traded_with_villager":21,"minecraft:interact_with_loom":1,"minecraft:sleep_in_bed":34,"minecraft:damage_dealt":29158,"minecraft:crouch_one_cm":69832,"minecraft:interact_with_smoker":3,"minecraft:inspect_dispenser":4,"minecraft:interact_with_smithing_table":2,"minecraft:interact_with_anvil":9,"minecraft:mob_kills":311,"minecraft:inspect_hopper":1,"minecraft:climb_one_cm":5034,"minecraft:walk_one_cm":1920265,"minecraft:sneak_time":27004,"minecraft:walk_under_water_one_cm":87506,"minecraft:boat_one_cm":351675,"minecraft:total_world_time":909423,"minecraft:time_since_rest":3244,"minecraft:damage_taken":9426,"minecraft:swim_one_cm":225793,"minecraft:fly_one_cm":2072121,"minecraft:open_chest":455,"minecraft:fall_one_cm":319904},"minecraft:dropped":{"minecraft:iron_sword":1,"minecraft:crafting_table":1,"minecraft:rooted_dirt":1,"minecraft:item_frame":2,"minecraft:dirt":4,"minecraft:grass":2,"gravestone:obituary":13,"minecraft:iron_pickaxe":2,"minecraft:gold_ingot":3,"minecraft:gravel":60,"minecraft:wheat":128,"minecraft:rotten_flesh":1,"minecraft:oak_planks":23,"minecraft:azure_bluet":1,"ars_nouveau:sourceberry_bush":5,"minecraft:spruce_slab":2,"create:wheat_flour":140,"botania:black_lotus":2,"minecraft:netherrack":2,"create:andesite_alloy":1,"minecraft:bread":20,"minecraft:iron_ingot":1,"minecraft:wheat_seeds":6,"minecraft:oak_fence":1,"minecraft:cobblestone":142,"minecraft:stick":11,"minecraft:torch":13,"minecraft:pink_petals":3,"minecraft:spruce_sapling":2,"minecraft:kelp":6,"minecraft:sweet_berries":52,"minecraft:tuff":10,"minecraft:spruce_fence":8,"minecraft:shears":1,"minecraft:stone":1,"create:veridium":2,"minecraft:spruce_planks":1,"minecraft:diamond_pickaxe":1,"minecraft:stone_pickaxe":1},"minecraft:used":{"minecraft:iron_shovel":57,"minecraft:spruce_slab":2,"minecraft:oak_sign":14,"minecraft:chest":41,"minecraft:shield":28,"minecraft:iron_sword":706,"minecraft:mutton":3,"create:mechanical_crafter":2,"create:depot":2,"minecraft:furnace_minecart":7,"minecraft:tuff":1,"minecraft:spruce_boat":1,"minecraft:lantern":4,"minecraft:dark_oak_slab":3,"minecraft:brown_carpet":1,"minecraft:bow":4,"ars_nouveau:sourceberry_bush":81,"minecraft:sweet_berries":149,"minecraft:hay_block":11,"create:shaft":5,"minecraft:oak_sapling":1,"minecraft:furnace":6,"create:mechanical_drill":45,"minecraft:acacia_fence":4,"minecraft:gold_block":3,"minecraft:stone_pickaxe":75,"minecraft:oak_planks":310,"minecraft:ender_pearl":1,"minecraft:blue_bed":11,"minecraft:white_wool":2,"minecraft:sand":8,"minecraft:shears":1,"minecraft:lever":14,"minecraft:bread":151,"create:andesite_casing":8,"minecraft:gravel":1,"minecraft:birch_log":4,"minecraft:coarse_dirt":10,"minecraft:bone_meal":51,"minecraft:experience_bottle":1,"minecraft:oak_fence":2,"minecraft:flint_and_steel":4,"minecraft:redstone":5,"minecraft:spruce_planks":3,"minecraft:netherrack":1,"minecraft:torch":342,"minecraft:dirt":64,"minecraft:anvil":1,"minecraft:hopper":3,"minecraft:spruce_fence":25,"minecraft:iron_hoe":503,"minecraft:dark_oak_planks":3,"create:wrench":64,"create:gearbox":3,"minecraft:iron_axe":295,"minecraft:rooted_dirt":12,"create:cart_assembler":16,"minecraft:light_gray_wool":2,"minecraft:minecart":3,"minecraft:cobbled_deepslate":60,"minecraft:cooked_mutton":12,"minecraft:water_bucket":54,"minecraft:birch_planks":56,"minecraft:lead":1,"jet_and_elias_armors:mercenary_gear_helmet":1,"minecraft:spruce_fence_gate":2,"minecraft:leather_boots":1,"create:furnace_minecart_contraption":9,"minecraft:rail":286,"create:encased_fan":1,"minecraft:tnt":2,"minecraft:crafting_table":15,"minecraft:campfire":3,"minecraft:smoker":1,"minecraft:oak_log":6,"create:linear_chassis":23,"minecraft:diamond_pickaxe":1472,"minecraft:apple":2,"create:mechanical_press":5,"minecraft:iron_pickaxe":5969,"create:water_wheel":6,"create:large_water_wheel":6,"minecraft:stone_axe":46,"rechiseled:birch_planks_crate":1,"minecraft:cobblestone":1948,"travelersbackpack:standard":35,"majruszsdifficulty:bandage":3,"minecraft:bucket":56,"alexsmobs:animal_dictionary":2},"minecraft:picked_up":{"minecraft:birch_door":3,"minecraft:wheat":77,"minecraft:creeper_head":2,"create:mechanical_crafter":2,"minecraft:lead":8,"botania:black_double_flower":4,"minecraft:enchanted_book":2,"minecraft:brewing_stand":1,"minecraft:string":23,"minecraft:raw_copper":124,"minecraft:experience_bottle":1,"jet_and_elias_armors:brute_armor_helmet":1,"minecraft:oak_sign":9,"create:water_wheel":6,"create:mechanical_press":4,"create:cart_assembler":16,"minecraft:gold_nugget":29,"minecraft:cobbled_deepslate":64,"minecraft:iron_pickaxe":2,"minecraft:melon_slice":3,"minecraft:coal_block":16,"minecraft:furnace":4,"minecraft:stick":95,"minecraft:acacia_fence":4,"create:dough":64,"minecraft:oak_fence":3,"minecraft:torch":80,"botania:yellow_mystical_flower":1,"create:andesite_casing":16,"minecraft:diorite":17,"minecraft:brown_carpet":1,"botania:white_mystical_flower":3,"minecraft:rotten_flesh":15,"botania:orange_double_flower":2,"botania:light_gray_mystical_flower":1,"minecraft:iron_block":2,"create:veridium":2,"ars_nouveau:sourceberry_bush":116,"botania:blue_double_flower":5,"minecraft:cobblestone":6239,"minecraft:birch_log":52,"minecraft:furnace_minecart":6,"minecraft:pink_petals":3,"minecraft:birch_slab":1,"minecraft:andesite":188,"minecraft:smoker":2,"minecraft:potato":4,"minecraft:tuff":24,"create:raw_zinc":110,"minecraft:lapis_lazuli":79,"minecraft:dirt":122,"minecraft:lantern":4,"minecraft:bone":82,"botania:cyan_mystical_flower":9,"minecraft:bow":5,"minecraft:wheat_seeds":47,"botania:pink_mystical_flower":18,"minecraft:raw_gold":24,"create:mechanical_drill":45,"botania:purple_mystical_flower":13,"create:shaft":10,"minecraft:bamboo":14,"botania:gray_mystical_flower":23,"create:super_glue":1,"minecraft:oak_planks":65,"botania:red_mystical_flower":8,"minecraft:sand":94,"minecraft:melon":1,"minecraft:lily_of_the_valley":21,"minecraft:spruce_boat":1,"minecraft:lever":14,"minecraft:grass":2,"alexsmobs:maggot":4,"minecraft:emerald":7,"minecraft:bread":17,"minecraft:rooted_dirt":23,"minecraft:oak_sapling":40,"minecraft:netherrack":3,"botania:brown_mushroom":1,"minecraft:cocoa_beans":10,"majruszsdifficulty:tattered_boots":1,"minecraft:coarse_dirt":15,"minecraft:crafting_table":8,"minecraft:azure_bluet":1,"minecraft:leather_leggings":2,"minecraft:brown_mushroom":18,"minecraft:stone_brick_wall":8,"minecraft:gold_block":8,"gravestone:obituary":4,"minecraft:item_frame":35,"botania:magenta_mystical_flower":3,"minecraft:iron_nugget":30,"minecraft:light_gray_wool":2,"minecraft:minecart":3,"minecraft:chest":9,"minecraft:birch_sapling":12,"create:linear_chassis":2,"minecraft:raw_iron":258,"minecraft:stone":2,"minecraft:white_dye":6,"botania:lime_double_flower":1,"minecraft:redstone":157,"botania:black_lotus":2,"ars_nouveau:music_disc_firel_the_wild_hunt":2,"minecraft:arrow":117,"botania:lime_mystical_flower":31,"minecraft:peony":3,"minecraft:shears":1,"minecraft:hay_block":132,"botania:blue_mystical_flower":32,"minecraft:stripped_dark_oak_wood":14,"create:depot":1,"minecraft:gold_ingot":9,"botania:green_mystical_flower":6,"minecraft:mutton":16,"minecraft:rail":301,"minecraft:white_wool":35,"create:iron_sheet":5,"minecraft:glow_ink_sac":4,"minecraft:leather":2,"alexsmobs:acacia_blossom":1,"minecraft:birch_planks":32,"minecraft:oak_log":206,"create:andesite_alloy":1,"minecraft:gunpowder":17,"minecraft:blue_bed":11,"botania:light_blue_mystical_flower":12,"botania:black_mystical_flower":26,"botania:yellow_mushroom":2,"create:crushing_wheel":2,"minecraft:apple":6,"minecraft:kelp":6,"majruszsdifficulty:tattered_leggings":2,"minecraft:iron_ingot":11,"minecraft:stone_pickaxe":1,"minecraft:iron_sword":2,"minecraft:acacia_sapling":8,"minecraft:dark_oak_slab":3,"create:large_water_wheel":2,"minecraft:sweet_berries":292,"minecraft:raw_iron_block":1,"minecraft:dripstone_block":2,"minecraft:gravel":61,"minecraft:spruce_sapling":4,"minecraft:spruce_log":26,"minecraft:spider_eye":1,"create:gearbox":2,"create:wheat_flour":184,"travelersbackpack:standard":20,"minecraft:purple_bed":1,"minecraft:slime_ball":52,"botania:orange_mystical_flower":19,"minecraft:cherry_sapling":2,"minecraft:oak_button":1,"minecraft:melon_seeds":2,"botania:brown_mystical_flower":1,"majruszsdifficulty:tattered_chestplate":1,"minecraft:coal":360},"minecraft:killed":{"minecraft:cave_spider":1,"minecraft:spider":3,"minecraft:skeleton":247,"creeperoverhaul:cave_creeper":1,"minecraft:zombie_villager":2,"minecraft:sheep":11,"minecraft:trader_llama":2,"minecraft:zombie":15,"minecraft:stray":3,"alexsmobs:fly":2,"creeperoverhaul:badlands_creeper":3,"creeperoverhaul:snowy_creeper":1,"minecraft:husk":14,"majruszsdifficulty:cursed_armor":1},"minecraft:mined":{"create:deepslate_zinc_ore":56,"botania:red_mystical_flower":7,"create:andesite_casing":16,"botania:pink_double_flower":2,"minecraft:brewing_stand":1,"travelersbackpack:red_sleeping_bag":1,"minecraft:stone_brick_wall":9,"minecraft:grass_block":59,"minecraft:coal_block":16,"botania:black_double_flower":3,"ars_nouveau:sourceberry_bush":37,"minecraft:oak_wall_sign":5,"botania:light_gray_mystical_flower":1,"minecraft:tall_seagrass":3,"minecraft:raw_iron_block":2,"botania:purple_mystical_flower":13,"minecraft:mossy_cobblestone_slab":2,"minecraft:mossy_cobblestone_stairs":1,"minecraft:iron_ore":173,"minecraft:cobbled_deepslate":1,"minecraft:fire":30,"botania:lime_double_flower":1,"minecraft:deepslate_lapis_ore":11,"minecraft:oak_sign":1,"minecraft:dirt_path":3,"minecraft:light_gray_concrete":1,"botania:brown_mystical_flower":2,"minecraft:iron_block":2,"botania:light_blue_mystical_flower":12,"create:veridium":2,"create:mechanical_press":4,"botania:green_mystical_flower":6,"minecraft:deepslate_redstone_ore":31,"botania:orange_mystical_flower":19,"minecraft:brown_mushroom":18,"minecraft:smoker":2,"minecraft:powder_snow":23,"minecraft:torch":33,"minecraft:melon":1,"botania:purple_double_flower":1,"minecraft:chest":7,"botania:brown_mushroom":1,"minecraft:cobblestone":104,"botania:blue_mystical_flower":28,"minecraft:oak_planks":7,"botania:black_mystical_flower":20,"botania:blue_double_flower":4,"minecraft:wall_torch":12,"create:large_water_wheel":1,"minecraft:pink_petals":2,"minecraft:dark_oak_slab":3,"minecraft:birch_log":52,"minecraft:wheat":3,"minecraft:grass":67,"minecraft:oak_log":195,"minecraft:acacia_fence":4,"minecraft:sand":98,"minecraft:dirt":36,"minecraft:dispenser":1,"minecraft:netherrack":2,"create:linear_chassis":2,"minecraft:oak_leaves":270,"minecraft:deepslate":51,"create:zinc_ore":51,"minecraft:tuff":17,"botania:orange_double_flower":2,"minecraft:lever":12,"gravestone:gravestone":12,"create:depot":1,"minecraft:redstone_wire":4,"travelersbackpack:white_sleeping_bag":3,"minecraft:birch_slab":1,"minecraft:spruce_leaves":31,"minecraft:kelp":2,"minecraft:rooted_dirt":3,"minecraft:large_fern":13,"minecraft:hay_block":132,"create:shaft":3,"minecraft:redstone_ore":3,"botania:magenta_mystical_flower":3,"minecraft:furnace":4,"minecraft:andesite":202,"minecraft:peony":4,"minecraft:gold_block":8,"minecraft:deepslate_iron_ore":73,"create:cart_assembler":15,"minecraft:rail":250,"botania:yellow_mushroom":2,"minecraft:bamboo":1,"minecraft:stone":5953,"minecraft:white_wool":4,"minecraft:acacia_leaves":178,"botania:lime_mystical_flower":31,"minecraft:glass_pane":3,"minecraft:lily_of_the_valley":21,"minecraft:brown_carpet":2,"travelersbackpack:standard":16,"minecraft:crafting_table":7,"minecraft:emerald_ore":6,"create:water_wheel":6,"minecraft:campfire":3,"minecraft:copper_ore":31,"minecraft:tall_grass":10,"minecraft:deepslate_gold_ore":24,"minecraft:diorite":20,"minecraft:blue_bed":11,"botania:pink_mystical_flower":18,"minecraft:purple_bed":1,"botania:cyan_mystical_flower":9,"minecraft:coarse_dirt":6,"create:gearbox":2,"minecraft:sweet_berry_bush":85,"minecraft:spruce_log":25,"minecraft:birch_leaves":66,"create:crushing_wheel":2,"create:mechanical_drill":45,"botania:white_mystical_flower":5,"minecraft:coal_ore":254,"botania:yellow_mystical_flower":1,"minecraft:cocoa":4,"minecraft:cherry_leaves":18,"create:mechanical_crafter":2,"minecraft:gravel":15,"botania:gray_mystical_flower":23,"minecraft:cobweb":22,"minecraft:fern":12},"minecraft:broken":{"minecraft:iron_sword":2,"minecraft:iron_hoe":2,"minecraft:iron_axe":1,"minecraft:leather_boots":1,"minecraft:iron_pickaxe":23},"minecraft:crafted":{"botania:green_petal":12,"minecraft:oak_planks":732,"minecraft:barrel":1,"minecraft:oak_sign":6,"minecraft:lever":1,"minecraft:heavy_weighted_pressure_plate":4,"minecraft:cooked_mutton":12,"minecraft:green_dye":12,"minecraft:glass":36,"minecraft:hopper":3,"jet_and_elias_armors:mercenary_gear_chestplate":1,"create:cart_assembler":1,"create:mechanical_press":1,"minecraft:chest":49,"minecraft:rail":48,"create:cogwheel":5,"minecraft:furnace_minecart":1,"create:depot":1,"minecraft:emerald":15,"minecraft:crafting_table":8,"minecraft:spruce_planks":112,"create:mechanical_saw":4,"travelersbackpack:standard":1,"minecraft:iron_helmet":1,"majruszsdifficulty:bandage":8,"minecraft:birch_planks":192,"minecraft:campfire":3,"botania:lime_petal":64,"rechiseled:chisel":2,"create:gearbox":1,"create:encased_fan":1,"minecraft:tnt":2,"minecraft:dark_oak_slab":6,"minecraft:diamond_pickaxe":1,"create:water_wheel":4,"minecraft:shield":1,"create:super_glue":7,"minecraft:stick":148,"minecraft:iron_ingot":264,"minecraft:iron_pickaxe":23,"minecraft:iron_block":4,"minecraft:gold_ingot":45,"create:propeller":1,"minecraft:spruce_fence_gate":2,"minecraft:shears":1,"minecraft:raw_iron":9,"minecraft:coal":144,"create:wrench":1,"minecraft:leather_boots":1,"minecraft:iron_nugget":99,"minecraft:furnace":5,"minecraft:bone_meal":186,"minecraft:spruce_fence":33,"minecraft:white_carpet":3,"jet_and_elias_armors:mercenary_gear_helmet":1,"travelersbackpack:white_sleeping_bag":2,"minecraft:iron_axe":2,"minecraft:iron_hoe":2,"minecraft:spruce_slab":6,"minecraft:slime_ball":76,"minecraft:lime_dye":64,"minecraft:stone_pickaxe":2,"minecraft:spruce_boat":1,"jet_and_elias_armors:brute_armor_helmet":1,"minecraft:dark_oak_planks":56,"create:windmill_bearing":1,"minecraft:minecart":1,"minecraft:wheat":513,"create:andesite_alloy":31,"travelersbackpack:backpack_tank":2,"minecraft:iron_sword":2,"create:dough":1,"create:large_water_wheel":4,"minecraft:bucket":2,"minecraft:stone_axe":1,"minecraft:bread":131,"minecraft:air":0,"minecraft:iron_shovel":1,"minecraft:anvil":1,"create:shaft":24,"jet_and_elias_armors:mercenary_gear_leggings":1,"minecraft:torch":292,"create:zinc_ingot":64}},"DataVersion":3465}