{"stats":{"minecraft:used":{"minecraft:iron_shovel":57,"minecraft:spruce_slab":2,"minecraft:chest":16,"minecraft:shield":28,"minecraft:iron_sword":621,"minecraft:mutton":3,"create:mechanical_crafter":2,"minecraft:tuff":1,"minecraft:spruce_boat":1,"minecraft:lantern":4,"minecraft:dark_oak_slab":3,"minecraft:brown_carpet":1,"minecraft:bow":4,"minecraft:sweet_berries":149,"minecraft:hay_block":11,"create:shaft":1,"minecraft:oak_sapling":1,"minecraft:furnace":6,"ars_nouveau:sourceberry_bush":81,"minecraft:acacia_fence":4,"minecraft:stone_pickaxe":75,"minecraft:oak_planks":46,"minecraft:blue_bed":11,"minecraft:white_wool":2,"minecraft:sand":8,"minecraft:shears":1,"minecraft:lever":1,"minecraft:bread":129,"minecraft:gravel":1,"minecraft:coarse_dirt":10,"minecraft:experience_bottle":1,"minecraft:oak_fence":2,"minecraft:flint_and_steel":4,"minecraft:spruce_planks":3,"minecraft:netherrack":1,"minecraft:torch":292,"minecraft:dirt":64,"minecraft:anvil":1,"minecraft:hopper":3,"minecraft:spruce_fence":25,"minecraft:iron_hoe":503,"minecraft:dark_oak_planks":1,"minecraft:iron_axe":265,"minecraft:rooted_dirt":12,"create:cart_assembler":1,"minecraft:light_gray_wool":2,"minecraft:minecart":2,"minecraft:cobbled_deepslate":59,"minecraft:cooked_mutton":12,"minecraft:water_bucket":44,"minecraft:birch_planks":12,"minecraft:lead":1,"jet_and_elias_armors:mercenary_gear_helmet":1,"minecraft:spruce_fence_gate":2,"minecraft:leather_boots":1,"minecraft:rail":5,"minecraft:tnt":2,"minecraft:crafting_table":15,"minecraft:campfire":3,"minecraft:smoker":1,"minecraft:oak_log":1,"minecraft:diamond_pickaxe":1472,"minecraft:apple":2,"minecraft:iron_pickaxe":4869,"create:water_wheel":6,"create:large_water_wheel":5,"minecraft:stone_axe":46,"minecraft:cobblestone":271,"travelersbackpack:standard":34,"majruszsdifficulty:bandage":3,"minecraft:bucket":47,"alexsmobs:animal_dictionary":2},"minecraft:broken":{"minecraft:iron_sword":2,"minecraft:iron_hoe":2,"minecraft:iron_axe":1,"minecraft:leather_boots":1,"minecraft:iron_pickaxe":19},"minecraft:killed_by":{"minecraft:creeper":3,"creeperoverhaul:cave_creeper":3,"alexsmobs:grizzly_bear":1,"minecraft:wolf":1},"minecraft:picked_up":{"minecraft:birch_door":3,"minecraft:wheat":77,"minecraft:creeper_head":2,"create:mechanical_crafter":2,"botania:black_double_flower":4,"minecraft:lead":8,"minecraft:enchanted_book":2,"minecraft:brewing_stand":1,"minecraft:string":23,"minecraft:raw_copper":124,"minecraft:experience_bottle":1,"jet_and_elias_armors:brute_armor_helmet":1,"create:water_wheel":6,"minecraft:gold_nugget":29,"minecraft:cobbled_deepslate":59,"minecraft:iron_pickaxe":2,"minecraft:melon_slice":3,"minecraft:coal_block":16,"minecraft:furnace":4,"minecraft:stick":86,"minecraft:acacia_fence":4,"minecraft:oak_fence":3,"minecraft:torch":30,"botania:yellow_mystical_flower":1,"create:andesite_casing":1,"minecraft:diorite":17,"minecraft:brown_carpet":1,"botania:white_mystical_flower":3,"botania:orange_double_flower":2,"minecraft:rotten_flesh":15,"botania:light_gray_mystical_flower":1,"minecraft:iron_block":2,"create:veridium":2,"ars_nouveau:sourceberry_bush":116,"botania:blue_double_flower":5,"minecraft:cobblestone":5463,"minecraft:birch_log":52,"minecraft:pink_petals":3,"minecraft:birch_slab":1,"minecraft:andesite":188,"minecraft:smoker":2,"minecraft:potato":4,"minecraft:tuff":18,"create:raw_zinc":110,"minecraft:lapis_lazuli":79,"minecraft:dirt":122,"minecraft:lantern":4,"minecraft:bone":78,"botania:cyan_mystical_flower":9,"minecraft:bow":5,"minecraft:wheat_seeds":46,"botania:pink_mystical_flower":18,"minecraft:raw_gold":24,"botania:purple_mystical_flower":12,"create:shaft":8,"botania:gray_mystical_flower":16,"minecraft:bamboo":14,"minecraft:oak_planks":63,"botania:red_mystical_flower":8,"minecraft:sand":94,"minecraft:melon":1,"minecraft:lily_of_the_valley":21,"minecraft:spruce_boat":1,"minecraft:grass":2,"minecraft:bread":17,"minecraft:emerald":7,"alexsmobs:maggot":2,"minecraft:rooted_dirt":23,"minecraft:oak_sapling":37,"minecraft:netherrack":1,"botania:brown_mushroom":1,"minecraft:cocoa_beans":10,"minecraft:crafting_table":8,"majruszsdifficulty:tattered_boots":1,"minecraft:coarse_dirt":15,"minecraft:azure_bluet":1,"minecraft:leather_leggings":2,"minecraft:brown_mushroom":18,"minecraft:stone_brick_wall":8,"minecraft:gold_block":3,"gravestone:obituary":4,"minecraft:item_frame":35,"botania:magenta_mystical_flower":3,"minecraft:minecart":2,"minecraft:light_gray_wool":2,"minecraft:birch_sapling":12,"minecraft:chest":6,"minecraft:raw_iron":243,"minecraft:stone":2,"minecraft:white_dye":6,"botania:lime_double_flower":1,"minecraft:redstone":153,"botania:black_lotus":2,"ars_nouveau:music_disc_firel_the_wild_hunt":2,"minecraft:arrow":113,"botania:lime_mystical_flower":28,"minecraft:peony":3,"minecraft:shears":1,"minecraft:hay_block":132,"botania:blue_mystical_flower":32,"minecraft:stripped_dark_oak_wood":14,"minecraft:gold_ingot":6,"botania:green_mystical_flower":6,"minecraft:mutton":16,"minecraft:white_wool":35,"minecraft:rail":32,"minecraft:glow_ink_sac":4,"minecraft:leather":2,"alexsmobs:acacia_blossom":1,"minecraft:birch_planks":32,"minecraft:oak_log":205,"create:andesite_alloy":1,"minecraft:gunpowder":17,"minecraft:blue_bed":11,"botania:light_blue_mystical_flower":12,"botania:black_mystical_flower":26,"botania:yellow_mushroom":2,"minecraft:apple":2,"minecraft:kelp":6,"majruszsdifficulty:tattered_leggings":1,"minecraft:iron_ingot":11,"minecraft:stone_pickaxe":1,"minecraft:acacia_sapling":8,"minecraft:iron_sword":2,"minecraft:dark_oak_slab":3,"create:large_water_wheel":1,"minecraft:sweet_berries":292,"minecraft:raw_iron_block":1,"minecraft:dripstone_block":2,"minecraft:gravel":61,"minecraft:spruce_sapling":4,"minecraft:spruce_log":26,"minecraft:spider_eye":1,"create:wheat_flour":108,"travelersbackpack:standard":19,"minecraft:purple_bed":1,"botania:orange_mystical_flower":19,"minecraft:cherry_sapling":2,"minecraft:oak_button":1,"minecraft:melon_seeds":2,"botania:brown_mystical_flower":1,"minecraft:coal":360,"majruszsdifficulty:tattered_chestplate":1},"minecraft:crafted":{"botania:green_petal":12,"minecraft:oak_planks":188,"minecraft:barrel":1,"minecraft:lever":1,"minecraft:heavy_weighted_pressure_plate":4,"minecraft:cooked_mutton":12,"minecraft:green_dye":12,"minecraft:glass":36,"minecraft:hopper":3,"jet_and_elias_armors:mercenary_gear_chestplate":1,"create:cart_assembler":1,"minecraft:chest":17,"minecraft:emerald":15,"minecraft:crafting_table":8,"minecraft:spruce_planks":112,"travelersbackpack:standard":1,"minecraft:iron_helmet":1,"majruszsdifficulty:bandage":8,"minecraft:birch_planks":64,"minecraft:campfire":3,"botania:lime_petal":48,"minecraft:tnt":2,"minecraft:dark_oak_slab":6,"minecraft:diamond_pickaxe":1,"create:water_wheel":4,"minecraft:shield":1,"minecraft:stick":124,"minecraft:iron_ingot":237,"minecraft:iron_pickaxe":19,"minecraft:iron_block":3,"minecraft:gold_ingot":18,"minecraft:spruce_fence_gate":2,"minecraft:shears":1,"minecraft:raw_iron":9,"minecraft:coal":144,"minecraft:leather_boots":1,"minecraft:iron_nugget":63,"minecraft:furnace":4,"minecraft:spruce_fence":33,"minecraft:white_carpet":3,"jet_and_elias_armors:mercenary_gear_helmet":1,"travelersbackpack:white_sleeping_bag":2,"minecraft:iron_axe":2,"minecraft:iron_hoe":2,"minecraft:spruce_slab":6,"minecraft:slime_ball":12,"minecraft:lime_dye":48,"minecraft:stone_pickaxe":2,"minecraft:spruce_boat":1,"jet_and_elias_armors:brute_armor_helmet":1,"minecraft:dark_oak_planks":56,"create:windmill_bearing":1,"minecraft:minecart":1,"minecraft:wheat":513,"create:andesite_alloy":31,"travelersbackpack:backpack_tank":2,"minecraft:iron_sword":2,"create:dough":1,"create:large_water_wheel":4,"minecraft:bucket":2,"minecraft:stone_axe":1,"minecraft:bread":131,"minecraft:air":0,"minecraft:iron_shovel":1,"minecraft:anvil":1,"create:shaft":8,"jet_and_elias_armors:mercenary_gear_leggings":1,"minecraft:torch":276,"create:zinc_ingot":64},"minecraft:dropped":{"minecraft:iron_sword":1,"minecraft:crafting_table":1,"minecraft:rooted_dirt":1,"minecraft:item_frame":2,"minecraft:dirt":4,"minecraft:grass":2,"gravestone:obituary":13,"minecraft:iron_pickaxe":2,"minecraft:gravel":60,"minecraft:wheat":128,"minecraft:rotten_flesh":1,"minecraft:oak_planks":23,"minecraft:azure_bluet":1,"ars_nouveau:sourceberry_bush":5,"minecraft:spruce_slab":2,"botania:black_lotus":2,"create:andesite_alloy":1,"minecraft:iron_ingot":1,"minecraft:bread":20,"minecraft:wheat_seeds":6,"minecraft:oak_fence":1,"minecraft:cobblestone":142,"minecraft:stick":11,"minecraft:torch":13,"minecraft:pink_petals":3,"minecraft:spruce_sapling":2,"minecraft:kelp":6,"minecraft:sweet_berries":52,"minecraft:tuff":10,"minecraft:spruce_fence":8,"minecraft:shears":1,"minecraft:stone":1,"create:veridium":2,"minecraft:spruce_planks":1,"minecraft:diamond_pickaxe":1,"minecraft:stone_pickaxe":1},"minecraft:killed":{"minecraft:cave_spider":1,"minecraft:spider":3,"minecraft:skeleton":186,"creeperoverhaul:cave_creeper":1,"minecraft:zombie_villager":2,"minecraft:sheep":11,"minecraft:trader_llama":2,"minecraft:zombie":15,"minecraft:stray":3,"alexsmobs:fly":1,"creeperoverhaul:badlands_creeper":3,"creeperoverhaul:snowy_creeper":1,"minecraft:husk":12,"majruszsdifficulty:cursed_armor":1},"minecraft:mined":{"create:deepslate_zinc_ore":56,"botania:red_mystical_flower":7,"create:andesite_casing":1,"botania:pink_double_flower":2,"minecraft:brewing_stand":1,"minecraft:grass_block":59,"minecraft:stone_brick_wall":9,"minecraft:coal_block":16,"botania:black_double_flower":3,"ars_nouveau:sourceberry_bush":37,"botania:light_gray_mystical_flower":1,"minecraft:tall_seagrass":3,"botania:purple_mystical_flower":12,"minecraft:raw_iron_block":2,"minecraft:mossy_cobblestone_slab":2,"minecraft:mossy_cobblestone_stairs":1,"minecraft:iron_ore":158,"minecraft:fire":30,"botania:lime_double_flower":1,"minecraft:deepslate_lapis_ore":11,"minecraft:dirt_path":3,"minecraft:light_gray_concrete":1,"botania:brown_mystical_flower":2,"botania:light_blue_mystical_flower":12,"minecraft:iron_block":2,"create:veridium":2,"botania:green_mystical_flower":6,"minecraft:deepslate_redstone_ore":31,"botania:orange_mystical_flower":19,"minecraft:brown_mushroom":18,"minecraft:smoker":2,"minecraft:powder_snow":23,"minecraft:torch":8,"minecraft:melon":1,"minecraft:chest":4,"botania:brown_mushroom":1,"minecraft:cobblestone":11,"botania:blue_mystical_flower":28,"minecraft:oak_planks":5,"botania:blue_double_flower":4,"minecraft:wall_torch":4,"botania:black_mystical_flower":20,"create:large_water_wheel":1,"minecraft:pink_petals":2,"minecraft:dark_oak_slab":3,"minecraft:birch_log":52,"minecraft:wheat":3,"minecraft:grass":65,"minecraft:oak_log":194,"minecraft:acacia_fence":4,"minecraft:sand":98,"minecraft:dirt":36,"minecraft:netherrack":1,"minecraft:dispenser":1,"minecraft:oak_leaves":270,"minecraft:deepslate":47,"create:zinc_ore":51,"minecraft:tuff":11,"botania:orange_double_flower":2,"gravestone:gravestone":12,"travelersbackpack:white_sleeping_bag":3,"minecraft:birch_slab":1,"minecraft:spruce_leaves":31,"minecraft:kelp":2,"minecraft:rooted_dirt":3,"minecraft:large_fern":13,"minecraft:hay_block":132,"botania:magenta_mystical_flower":3,"minecraft:redstone_ore":3,"create:shaft":1,"minecraft:furnace":4,"minecraft:andesite":202,"minecraft:peony":4,"minecraft:gold_block":3,"minecraft:deepslate_iron_ore":73,"minecraft:rail":33,"botania:yellow_mushroom":2,"minecraft:bamboo":1,"minecraft:stone":5273,"minecraft:white_wool":4,"minecraft:acacia_leaves":178,"botania:lime_mystical_flower":28,"minecraft:glass_pane":3,"minecraft:lily_of_the_valley":21,"minecraft:brown_carpet":2,"travelersbackpack:standard":15,"minecraft:crafting_table":7,"minecraft:emerald_ore":6,"create:water_wheel":6,"minecraft:campfire":3,"minecraft:tall_grass":9,"minecraft:copper_ore":31,"minecraft:deepslate_gold_ore":24,"minecraft:diorite":20,"minecraft:blue_bed":11,"botania:pink_mystical_flower":18,"botania:cyan_mystical_flower":9,"minecraft:purple_bed":1,"minecraft:coarse_dirt":6,"minecraft:sweet_berry_bush":85,"minecraft:spruce_log":25,"minecraft:birch_leaves":66,"botania:white_mystical_flower":5,"botania:yellow_mystical_flower":1,"minecraft:coal_ore":254,"minecraft:cocoa":4,"minecraft:cherry_leaves":18,"create:mechanical_crafter":2,"minecraft:gravel":15,"botania:gray_mystical_flower":16,"minecraft:cobweb":22,"minecraft:fern":12},"minecraft:custom":{"minecraft:animals_bred":1,"minecraft:interact_with_crafting_table":91,"minecraft:open_barrel":10,"minecraft:bell_ring":5,"minecraft:eat_cake_slice":13,"minecraft:leave_game":14,"minecraft:time_since_death":261914,"minecraft:sprint_one_cm":2450051,"minecraft:damage_blocked_by_shield":1980,"minecraft:drop":94,"minecraft:talked_to_villager":45,"minecraft:play_time":763915,"minecraft:deaths":12,"minecraft:jump":10168,"minecraft:walk_on_water_one_cm":58768,"minecraft:interact_with_furnace":63,"minecraft:traded_with_villager":21,"minecraft:interact_with_loom":1,"minecraft:sleep_in_bed":33,"minecraft:damage_dealt":25167,"minecraft:crouch_one_cm":59877,"minecraft:interact_with_smoker":3,"minecraft:inspect_dispenser":4,"minecraft:interact_with_smithing_table":2,"minecraft:mob_kills":247,"minecraft:interact_with_anvil":6,"minecraft:climb_one_cm":5034,"minecraft:walk_one_cm":1395667,"minecraft:sneak_time":23179,"minecraft:walk_under_water_one_cm":71895,"minecraft:boat_one_cm":351675,"minecraft:total_world_time":763915,"minecraft:time_since_rest":9643,"minecraft:damage_taken":9159,"minecraft:swim_one_cm":215476,"minecraft:fly_one_cm":1845750,"minecraft:open_chest":273,"minecraft:fall_one_cm":306413}},"DataVersion":3465}