{"stats":{"minecraft:used":{"minecraft:birch_planks":12,"jet_and_elias_armors:mercenary_gear_helmet":1,"minecraft:spruce_planks":3,"minecraft:shield":5,"minecraft:iron_sword":3,"minecraft:blue_bed":1,"minecraft:dirt":15,"minecraft:crafting_table":2,"minecraft:iron_pickaxe":158,"minecraft:cobblestone":2,"minecraft:sweet_berries":39,"minecraft:furnace":1,"ars_nouveau:sourceberry_bush":24,"alexsmobs:animal_dictionary":2},"minecraft:crafted":{"minecraft:crafting_table":1,"minecraft:spruce_planks":24,"minecraft:iron_helmet":1,"minecraft:furnace":1,"minecraft:birch_planks":16,"minecraft:heavy_weighted_pressure_plate":1,"minecraft:air":0,"jet_and_elias_armors:mercenary_gear_helmet":1,"minecraft:shield":1,"minecraft:stick":4,"minecraft:iron_ingot":20},"minecraft:picked_up":{"minecraft:birch_log":4,"minecraft:crafting_table":1,"minecraft:brown_mushroom":2,"minecraft:dirt":23,"minecraft:blue_bed":2,"minecraft:bone":1,"botania:cyan_mystical_flower":1,"minecraft:wheat_seeds":1,"minecraft:birch_sapling":2,"minecraft:stick":1,"minecraft:raw_iron":20,"botania:red_mystical_flower":1,"minecraft:sweet_berries":139,"minecraft:spruce_sapling":2,"minecraft:spruce_log":6,"minecraft:arrow":2,"minecraft:purple_bed":1,"minecraft:rotten_flesh":2,"botania:lime_mystical_flower":1,"ars_nouveau:sourceberry_bush":46,"minecraft:coal":26,"minecraft:white_wool":1,"minecraft:cobblestone":111},"minecraft:killed_by":{"minecraft:wolf":1,"alexsmobs:grizzly_bear":1},"minecraft:mined":{"botania:lime_mystical_flower":1,"minecraft:brown_mushroom":2,"minecraft:glass_pane":3,"botania:red_mystical_flower":2,"minecraft:powder_snow":5,"minecraft:crafting_table":1,"gravestone:gravestone":3,"minecraft:grass_block":1,"minecraft:spruce_leaves":16,"ars_nouveau:sourceberry_bush":17,"minecraft:blue_bed":2,"minecraft:large_fern":6,"botania:cyan_mystical_flower":1,"minecraft:purple_bed":1,"minecraft:birch_log":4,"minecraft:iron_ore":20,"minecraft:sweet_berry_bush":38,"minecraft:spruce_log":5,"minecraft:birch_leaves":9,"minecraft:grass":1,"minecraft:coal_ore":26,"minecraft:dirt_path":2,"minecraft:stone":112,"minecraft:fern":1},"minecraft:custom":{"minecraft:interact_with_furnace":5,"minecraft:mob_kills":1,"minecraft:interact_with_crafting_table":8,"minecraft:bell_ring":1,"minecraft:leave_game":2,"minecraft:time_since_death":21966,"minecraft:sleep_in_bed":4,"minecraft:time_since_rest":12246,"minecraft:sprint_one_cm":128156,"minecraft:damage_taken":1120,"minecraft:walk_one_cm":110304,"minecraft:damage_blocked_by_shield":315,"minecraft:drop":6,"minecraft:damage_dealt":235,"minecraft:fly_one_cm":106299,"minecraft:open_chest":6,"minecraft:crouch_one_cm":20608,"minecraft:play_time":51539,"minecraft:deaths":3,"minecraft:sneak_time":6989,"minecraft:jump":845,"minecraft:total_world_time":51539,"minecraft:fall_one_cm":23089},"minecraft:dropped":{"minecraft:sweet_berries":49,"ars_nouveau:sourceberry_bush":4,"minecraft:spruce_sapling":1}},"DataVersion":3465}