{"stats":{"minecraft:used":{"alexsmobs:animal_dictionary":1,"minecraft:oak_planks":28},"minecraft:mined":{"minecraft:oak_log":7,"minecraft:oak_leaves":3,"gravestone:gravestone":1},"minecraft:crafted":{"minecraft:oak_planks":28},"minecraft:custom":{"minecraft:jump":177,"minecraft:deaths":1,"minecraft:time_since_rest":2050,"minecraft:damage_taken":220,"minecraft:walk_on_water_one_cm":2348,"minecraft:leave_game":2,"minecraft:play_time":7641,"minecraft:sprint_one_cm":28597,"minecraft:time_since_death":2017,"minecraft:walk_one_cm":9006,"minecraft:sneak_time":46,"minecraft:total_world_time":7641,"minecraft:walk_under_water_one_cm":87,"minecraft:swim_one_cm":16578,"minecraft:fall_one_cm":3966,"minecraft:fly_one_cm":41607},"minecraft:picked_up":{"minecraft:oak_log":7}},"DataVersion":3465}