{"stats":{"minecraft:dropped":{"minecraft:iron_sword":1,"minecraft:crafting_table":1,"minecraft:rooted_dirt":1,"minecraft:item_frame":2,"minecraft:dirt":1,"minecraft:grass":2,"gravestone:obituary":13,"minecraft:iron_pickaxe":2,"minecraft:wheat":3,"minecraft:rotten_flesh":1,"minecraft:oak_planks":23,"minecraft:azure_bluet":1,"ars_nouveau:sourceberry_bush":5,"minecraft:spruce_slab":2,"botania:black_lotus":2,"create:andesite_alloy":1,"minecraft:iron_ingot":1,"minecraft:bread":2,"minecraft:wheat_seeds":6,"minecraft:oak_fence":1,"minecraft:stick":3,"minecraft:spruce_sapling":2,"minecraft:kelp":6,"minecraft:sweet_berries":52,"minecraft:tuff":3,"minecraft:spruce_fence":8,"minecraft:shears":1,"minecraft:stone":1,"create:veridium":2,"minecraft:spruce_planks":1,"minecraft:stone_pickaxe":1},"minecraft:used":{"minecraft:spruce_slab":2,"minecraft:chest":9,"minecraft:shield":28,"minecraft:iron_sword":188,"minecraft:mutton":3,"minecraft:tuff":1,"minecraft:spruce_boat":1,"minecraft:lantern":4,"minecraft:brown_carpet":1,"minecraft:hay_block":11,"minecraft:sweet_berries":149,"minecraft:furnace":4,"ars_nouveau:sourceberry_bush":81,"minecraft:acacia_fence":1,"minecraft:stone_pickaxe":75,"minecraft:oak_planks":46,"minecraft:blue_bed":11,"minecraft:white_wool":2,"minecraft:shears":1,"minecraft:bread":81,"minecraft:gravel":1,"minecraft:coarse_dirt":10,"minecraft:oak_fence":2,"minecraft:flint_and_steel":1,"minecraft:spruce_planks":3,"minecraft:torch":266,"minecraft:dirt":63,"minecraft:anvil":1,"minecraft:spruce_fence":25,"minecraft:iron_hoe":503,"minecraft:dark_oak_planks":1,"minecraft:iron_axe":259,"minecraft:rooted_dirt":12,"minecraft:light_gray_wool":2,"minecraft:cobbled_deepslate":59,"minecraft:cooked_mutton":12,"minecraft:water_bucket":37,"minecraft:birch_planks":12,"jet_and_elias_armors:mercenary_gear_helmet":1,"minecraft:spruce_fence_gate":2,"minecraft:leather_boots":1,"minecraft:crafting_table":15,"minecraft:smoker":1,"minecraft:oak_log":1,"minecraft:diamond_pickaxe":1140,"minecraft:apple":2,"minecraft:iron_pickaxe":2511,"create:water_wheel":6,"minecraft:stone_axe":46,"minecraft:cobblestone":179,"travelersbackpack:standard":21,"majruszsdifficulty:bandage":3,"minecraft:bucket":41,"alexsmobs:animal_dictionary":2},"minecraft:crafted":{"minecraft:oak_planks":84,"minecraft:barrel":1,"minecraft:heavy_weighted_pressure_plate":4,"minecraft:cooked_mutton":12,"minecraft:glass":36,"jet_and_elias_armors:mercenary_gear_chestplate":1,"minecraft:chest":7,"minecraft:emerald":9,"minecraft:crafting_table":8,"minecraft:spruce_planks":100,"minecraft:iron_helmet":1,"travelersbackpack:standard":1,"majruszsdifficulty:bandage":8,"minecraft:birch_planks":64,"minecraft:dark_oak_slab":6,"minecraft:diamond_pickaxe":1,"create:water_wheel":4,"minecraft:shield":1,"minecraft:stick":116,"minecraft:iron_ingot":139,"minecraft:iron_pickaxe":8,"minecraft:iron_block":3,"minecraft:gold_ingot":18,"minecraft:spruce_fence_gate":2,"minecraft:shears":1,"minecraft:coal":144,"minecraft:raw_iron":9,"minecraft:leather_boots":1,"minecraft:iron_nugget":63,"minecraft:furnace":2,"minecraft:spruce_fence":33,"minecraft:white_carpet":3,"jet_and_elias_armors:mercenary_gear_helmet":1,"travelersbackpack:white_sleeping_bag":2,"minecraft:iron_axe":2,"minecraft:spruce_slab":6,"minecraft:iron_hoe":2,"minecraft:stone_pickaxe":2,"minecraft:spruce_boat":1,"jet_and_elias_armors:brute_armor_helmet":1,"minecraft:dark_oak_planks":56,"create:windmill_bearing":1,"minecraft:wheat":450,"create:andesite_alloy":31,"travelersbackpack:backpack_tank":2,"minecraft:bucket":2,"minecraft:stone_axe":1,"minecraft:bread":131,"minecraft:air":0,"minecraft:anvil":1,"create:shaft":8,"jet_and_elias_armors:mercenary_gear_leggings":1,"minecraft:torch":268,"create:zinc_ingot":64},"minecraft:picked_up":{"minecraft:wheat":11,"minecraft:creeper_head":2,"botania:black_double_flower":3,"minecraft:lead":3,"minecraft:enchanted_book":2,"minecraft:brewing_stand":1,"minecraft:string":23,"minecraft:raw_copper":117,"jet_and_elias_armors:brute_armor_helmet":1,"create:water_wheel":2,"minecraft:gold_nugget":27,"minecraft:cobbled_deepslate":59,"minecraft:iron_pickaxe":2,"minecraft:coal_block":16,"minecraft:furnace":4,"minecraft:stick":78,"minecraft:acacia_fence":1,"minecraft:oak_fence":3,"minecraft:torch":13,"create:andesite_casing":1,"minecraft:diorite":17,"minecraft:brown_carpet":1,"botania:white_mystical_flower":1,"minecraft:rotten_flesh":5,"botania:light_gray_mystical_flower":1,"create:veridium":2,"ars_nouveau:sourceberry_bush":116,"botania:blue_double_flower":3,"minecraft:cobblestone":2779,"minecraft:birch_log":52,"minecraft:andesite":188,"minecraft:smoker":2,"minecraft:potato":4,"minecraft:tuff":11,"create:raw_zinc":110,"minecraft:dirt":118,"minecraft:lapis_lazuli":79,"minecraft:lantern":4,"minecraft:bone":4,"botania:cyan_mystical_flower":4,"botania:pink_mystical_flower":1,"minecraft:wheat_seeds":20,"minecraft:raw_gold":24,"create:shaft":7,"minecraft:oak_planks":63,"botania:red_mystical_flower":3,"minecraft:sand":36,"minecraft:melon":1,"minecraft:spruce_boat":1,"minecraft:grass":2,"minecraft:bread":1,"minecraft:emerald":7,"alexsmobs:maggot":2,"minecraft:rooted_dirt":23,"minecraft:oak_sapling":36,"botania:brown_mushroom":1,"minecraft:crafting_table":8,"minecraft:coarse_dirt":15,"minecraft:azure_bluet":1,"minecraft:leather_leggings":1,"minecraft:brown_mushroom":18,"minecraft:stone_brick_wall":8,"minecraft:gold_block":2,"gravestone:obituary":4,"minecraft:item_frame":35,"minecraft:light_gray_wool":2,"minecraft:birch_sapling":12,"minecraft:chest":4,"minecraft:raw_iron":228,"minecraft:stone":2,"minecraft:white_dye":6,"minecraft:redstone":153,"botania:black_lotus":2,"ars_nouveau:music_disc_firel_the_wild_hunt":2,"minecraft:arrow":11,"botania:lime_mystical_flower":1,"minecraft:shears":1,"minecraft:hay_block":132,"botania:blue_mystical_flower":12,"minecraft:stripped_dark_oak_wood":14,"minecraft:gold_ingot":6,"minecraft:mutton":16,"minecraft:white_wool":35,"minecraft:rail":32,"minecraft:glow_ink_sac":4,"minecraft:leather":2,"alexsmobs:acacia_blossom":1,"minecraft:birch_planks":32,"minecraft:oak_log":205,"create:andesite_alloy":1,"minecraft:gunpowder":15,"minecraft:blue_bed":11,"botania:black_mystical_flower":15,"botania:yellow_mushroom":2,"minecraft:apple":2,"minecraft:kelp":6,"minecraft:iron_ingot":11,"minecraft:stone_pickaxe":1,"minecraft:acacia_sapling":8,"minecraft:iron_sword":2,"minecraft:sweet_berries":292,"minecraft:raw_iron_block":1,"minecraft:dripstone_block":2,"minecraft:gravel":31,"minecraft:spruce_sapling":4,"minecraft:spruce_log":23,"minecraft:spider_eye":1,"travelersbackpack:standard":13,"minecraft:purple_bed":1,"botania:orange_mystical_flower":3,"minecraft:melon_seeds":2,"minecraft:coal":251,"botania:brown_mystical_flower":1},"minecraft:broken":{"minecraft:iron_hoe":2,"minecraft:iron_axe":1,"minecraft:leather_boots":1,"minecraft:iron_pickaxe":10},"minecraft:killed_by":{"minecraft:creeper":3,"creeperoverhaul:cave_creeper":3,"alexsmobs:grizzly_bear":1,"minecraft:wolf":1},"minecraft:mined":{"create:deepslate_zinc_ore":56,"botania:red_mystical_flower":2,"create:andesite_casing":1,"minecraft:brewing_stand":1,"minecraft:grass_block":55,"minecraft:stone_brick_wall":9,"minecraft:coal_block":16,"botania:black_double_flower":2,"ars_nouveau:sourceberry_bush":37,"botania:light_gray_mystical_flower":1,"minecraft:tall_seagrass":3,"minecraft:raw_iron_block":2,"minecraft:iron_ore":143,"minecraft:fire":29,"minecraft:deepslate_lapis_ore":11,"minecraft:dirt_path":3,"minecraft:light_gray_concrete":1,"botania:brown_mystical_flower":2,"create:veridium":2,"minecraft:deepslate_redstone_ore":31,"botania:orange_mystical_flower":3,"minecraft:brown_mushroom":18,"minecraft:smoker":2,"minecraft:powder_snow":23,"minecraft:torch":7,"minecraft:chest":4,"botania:brown_mushroom":1,"minecraft:cobblestone":6,"botania:blue_mystical_flower":8,"minecraft:oak_planks":5,"botania:blue_double_flower":2,"minecraft:wall_torch":3,"botania:black_mystical_flower":9,"minecraft:birch_log":52,"minecraft:wheat":1,"minecraft:grass":47,"minecraft:oak_log":194,"minecraft:acacia_fence":1,"minecraft:sand":36,"minecraft:dirt":36,"minecraft:oak_leaves":242,"minecraft:deepslate":47,"create:zinc_ore":51,"minecraft:tuff":11,"gravestone:gravestone":12,"travelersbackpack:white_sleeping_bag":1,"minecraft:spruce_leaves":30,"minecraft:kelp":2,"minecraft:rooted_dirt":3,"minecraft:large_fern":13,"minecraft:hay_block":132,"minecraft:redstone_ore":3,"minecraft:furnace":4,"minecraft:andesite":202,"minecraft:gold_block":2,"minecraft:deepslate_iron_ore":73,"minecraft:rail":33,"botania:yellow_mushroom":2,"minecraft:stone":2733,"minecraft:white_wool":4,"minecraft:acacia_leaves":178,"botania:lime_mystical_flower":1,"minecraft:glass_pane":3,"minecraft:brown_carpet":2,"travelersbackpack:standard":9,"minecraft:crafting_table":7,"minecraft:emerald_ore":6,"create:water_wheel":2,"minecraft:tall_grass":9,"minecraft:copper_ore":29,"minecraft:deepslate_gold_ore":24,"minecraft:diorite":20,"minecraft:blue_bed":11,"botania:cyan_mystical_flower":4,"minecraft:purple_bed":1,"minecraft:coarse_dirt":6,"minecraft:sweet_berry_bush":85,"minecraft:spruce_log":22,"minecraft:birch_leaves":66,"botania:white_mystical_flower":2,"minecraft:coal_ore":163,"minecraft:gravel":15,"minecraft:cobweb":22,"minecraft:fern":10},"minecraft:custom":{"minecraft:animals_bred":1,"minecraft:interact_with_crafting_table":74,"minecraft:open_barrel":9,"minecraft:bell_ring":5,"minecraft:eat_cake_slice":10,"minecraft:leave_game":10,"minecraft:time_since_death":45594,"minecraft:sprint_one_cm":1750803,"minecraft:damage_blocked_by_shield":1980,"minecraft:drop":70,"minecraft:talked_to_villager":13,"minecraft:play_time":547595,"minecraft:deaths":12,"minecraft:jump":7785,"minecraft:walk_on_water_one_cm":47037,"minecraft:interact_with_furnace":48,"minecraft:traded_with_villager":9,"minecraft:interact_with_loom":1,"minecraft:sleep_in_bed":25,"minecraft:damage_dealt":5784,"minecraft:crouch_one_cm":53321,"minecraft:interact_with_smoker":3,"minecraft:interact_with_smithing_table":1,"minecraft:interact_with_anvil":5,"minecraft:mob_kills":34,"minecraft:climb_one_cm":4109,"minecraft:walk_one_cm":942034,"minecraft:sneak_time":19914,"minecraft:walk_under_water_one_cm":33832,"minecraft:boat_one_cm":351675,"minecraft:total_world_time":547595,"minecraft:time_since_rest":35452,"minecraft:damage_taken":7917,"minecraft:swim_one_cm":146824,"minecraft:fly_one_cm":1371861,"minecraft:open_chest":133,"minecraft:fall_one_cm":235287},"minecraft:killed":{"minecraft:cave_spider":1,"minecraft:spider":2,"minecraft:skeleton":3,"creeperoverhaul:cave_creeper":1,"minecraft:zombie_villager":2,"minecraft:sheep":11,"minecraft:trader_llama":2,"minecraft:zombie":4,"alexsmobs:fly":1,"creeperoverhaul:badlands_creeper":2,"creeperoverhaul:snowy_creeper":1,"majruszsdifficulty:cursed_armor":1}},"DataVersion":3465}