{"stats":{"minecraft:picked_up":{"minecraft:torch":2,"minecraft:redstone":1,"minecraft:dirt":3,"minecraft:bone":16,"minecraft:arrow":11,"minecraft:rotten_flesh":2,"majruszsdifficulty:tattered_leggings":1,"majruszsdifficulty:tattered_chestplate":1},"minecraft:used":{"minecraft:birch_door":3,"minecraft:sticky_piston":4,"minecraft:lever":3,"minecraft:water_bucket":130,"minecraft:netherite_sword":24,"minecraft:coal_ore":2,"minecraft:acacia_log":14,"securitycraft:secret_sign_item":5,"minecraft:redstone":19,"minecraft:oak_sign":10,"minecraft:spawner":3,"minecraft:spruce_planks":24,"minecraft:chest":6,"minecraft:tinted_glass":105,"minecraft:stone":396,"minecraft:dark_oak_slab":3,"minecraft:item_frame":2,"minecraft:oak_leaves":388,"minecraft:torch":15,"minecraft:soul_sand":3,"minecraft:dirt":1,"minecraft:cobblestone":29,"minecraft:skeleton_spawn_egg":3,"minecraft:deepslate_tile_slab":1,"minecraft:ice":9,"minecraft:stripped_oak_log":17,"minecraft:spruce_log":482},"minecraft:mined":{"minecraft:grass_block":1,"minecraft:dirt":2},"minecraft:custom":{"minecraft:time_since_rest":72402,"minecraft:sprint_one_cm":27753,"minecraft:walk_one_cm":151213,"minecraft:mob_kills":13,"minecraft:damage_dealt":1626,"minecraft:swim_one_cm":323,"minecraft:fly_one_cm":373399,"minecraft:crouch_one_cm":169,"minecraft:play_time":72402,"minecraft:sneak_time":2149,"minecraft:walk_under_water_one_cm":21129,"minecraft:jump":251,"minecraft:leave_game":1,"minecraft:walk_on_water_one_cm":26555,"minecraft:time_since_death":72402,"minecraft:total_world_time":72402},"minecraft:killed":{"minecraft:skeleton":12,"minecraft:zombie":1}},"DataVersion":3465}