{"stats":{"minecraft:used":{"minecraft:birch_door":3,"minecraft:sticky_piston":4,"minecraft:lever":3,"minecraft:water_bucket":130,"minecraft:netherite_sword":24,"minecraft:coal_ore":2,"minecraft:acacia_log":14,"create:crushing_wheel":6,"securitycraft:secret_sign_item":5,"create:gearbox":4,"minecraft:dispenser":1,"minecraft:redstone":19,"minecraft:oak_button":2,"minecraft:oak_sign":10,"minecraft:spawner":3,"minecraft:chest":6,"minecraft:spruce_planks":24,"minecraft:tinted_glass":105,"minecraft:dark_oak_slab":3,"minecraft:stone":397,"minecraft:item_frame":2,"minecraft:oak_leaves":388,"minecraft:torch":18,"minecraft:dirt":1,"minecraft:soul_sand":3,"minecraft:cobblestone":31,"minecraft:skeleton_spawn_egg":3,"create:shaft":6,"create:mechanical_crafter":7,"minecraft:deepslate_tile_slab":1,"minecraft:ice":9,"minecraft:stripped_oak_log":17,"minecraft:spruce_log":482},"minecraft:picked_up":{"create:crushed_raw_gold":1,"minecraft:torch":2,"minecraft:redstone":1,"minecraft:dirt":3,"minecraft:bone":16,"minecraft:arrow":11,"minecraft:rotten_flesh":2,"create:experience_nugget":2,"majruszsdifficulty:tattered_leggings":1,"majruszsdifficulty:tattered_chestplate":1},"minecraft:killed":{"minecraft:skeleton":12,"minecraft:zombie":1},"minecraft:mined":{"minecraft:grass_block":1,"minecraft:dirt":2},"minecraft:custom":{"minecraft:time_since_rest":91239,"minecraft:sprint_one_cm":32063,"minecraft:walk_one_cm":158694,"minecraft:mob_kills":13,"minecraft:damage_dealt":1626,"minecraft:swim_one_cm":323,"minecraft:fly_one_cm":414284,"minecraft:open_chest":4,"minecraft:crouch_one_cm":195,"minecraft:play_time":91239,"minecraft:sneak_time":2304,"minecraft:walk_under_water_one_cm":21129,"minecraft:jump":264,"minecraft:leave_game":3,"minecraft:walk_on_water_one_cm":26555,"minecraft:time_since_death":91239,"minecraft:total_world_time":91239,"minecraft:inspect_dispenser":2}},"DataVersion":3465}