{"stats":{"minecraft:dropped":{"minecraft:oak_sapling":1152},"minecraft:custom":{"minecraft:mob_kills":15,"minecraft:interact_with_anvil":1,"minecraft:interact_with_crafting_table":1,"minecraft:open_barrel":3,"minecraft:leave_game":7,"minecraft:time_since_death":155110,"minecraft:time_since_rest":155110,"minecraft:sprint_one_cm":46780,"minecraft:walk_one_cm":184671,"minecraft:drop":18,"minecraft:damage_dealt":1926,"minecraft:swim_one_cm":323,"minecraft:fly_one_cm":584899,"minecraft:open_chest":12,"minecraft:crouch_one_cm":965,"minecraft:play_time":155110,"minecraft:sneak_time":3921,"minecraft:walk_under_water_one_cm":21212,"minecraft:jump":357,"minecraft:walk_on_water_one_cm":26623,"minecraft:total_world_time":155110,"minecraft:inspect_dispenser":2},"minecraft:picked_up":{"create:crushed_raw_gold":1,"minecraft:gunpowder":1,"minecraft:dirt":3,"minecraft:bone":16,"minecraft:wheat_seeds":1,"majruszsdifficulty:tattered_leggings":1,"minecraft:gold_nugget":4,"minecraft:torch":2,"create:windmill_bearing":1,"minecraft:redstone":1,"minecraft:arrow":11,"minecraft:rotten_flesh":2,"create:experience_nugget":2,"minecraft:oak_sapling":1160,"majruszsdifficulty:tattered_chestplate":1,"minecraft:cobblestone":2},"minecraft:used":{"minecraft:water_bucket":131,"minecraft:trident":5,"create:deployer":3,"minecraft:netherite_sword":28,"minecraft:acacia_log":14,"create:crushing_wheel":6,"minecraft:dispenser":1,"minecraft:redstone":19,"minecraft:oak_planks":4,"minecraft:oak_sign":10,"minecraft:ender_pearl":2,"minecraft:spruce_planks":24,"minecraft:chest":6,"minecraft:tinted_glass":105,"securitycraft:remote_access_mine":1,"minecraft:stone":506,"create:mechanical_saw":4,"create:mechanical_bearing":1,"minecraft:oak_leaves":388,"minecraft:white_wool":8,"minecraft:torch":36,"minecraft:dirt":2,"minecraft:soul_sand":3,"minecraft:anvil":2,"minecraft:skeleton_spawn_egg":3,"create:white_sail":514,"create:cogwheel":16,"create:mechanical_crafter":7,"minecraft:deepslate_tile_slab":1,"minecraft:spruce_log":482,"minecraft:birch_door":3,"alexsmobs:spawn_egg_komodo_dragon":1,"minecraft:sticky_piston":4,"minecraft:lever":3,"minecraft:coal_ore":2,"securitycraft:secret_sign_item":5,"create:windmill_bearing":10,"create:wrench":2,"create:gearbox":5,"minecraft:grass_block":18,"minecraft:oak_button":2,"minecraft:spawner":3,"minecraft:dark_oak_slab":3,"create:creative_motor":2,"minecraft:barrel":2,"minecraft:item_frame":2,"securitycraft:mine":1,"minecraft:cobblestone":31,"travelersbackpack:standard":2,"create:shaft":212,"create:mechanical_drill":21,"minecraft:ice":9,"minecraft:stripped_oak_log":17,"create:vertical_gearbox":11,"create:large_cogwheel":6},"minecraft:mined":{"minecraft:grass_block":1,"minecraft:dirt":2},"minecraft:killed":{"creeperoverhaul:badlands_creeper":1,"minecraft:skeleton":12,"minecraft:zombie":1,"alexsmobs:komodo_dragon":1}},"DataVersion":3465}