{"stats":{"minecraft:used":{"minecraft:trident":5,"minecraft:water_bucket":131,"create:deployer":3,"minecraft:netherite_sword":28,"minecraft:acacia_log":14,"create:crushing_wheel":6,"minecraft:dispenser":1,"minecraft:redstone":19,"minecraft:oak_planks":4,"minecraft:oak_sign":10,"minecraft:ender_pearl":2,"minecraft:spruce_planks":24,"minecraft:chest":6,"minecraft:tinted_glass":105,"minecraft:stone":555,"securitycraft:remote_access_mine":1,"create:mechanical_saw":4,"create:mechanical_bearing":1,"minecraft:oak_leaves":388,"minecraft:white_wool":8,"minecraft:torch":36,"minecraft:dirt":2,"minecraft:soul_sand":3,"minecraft:anvil":2,"minecraft:skeleton_spawn_egg":3,"create:white_sail":514,"create:cogwheel":39,"create:mechanical_crafter":7,"minecraft:deepslate_tile_slab":1,"create:speedometer":1,"minecraft:spruce_log":482,"alexsmobs:spawn_egg_komodo_dragon":1,"minecraft:birch_door":3,"minecraft:sticky_piston":4,"minecraft:lever":3,"minecraft:coal_ore":2,"securitycraft:secret_sign_item":5,"create:windmill_bearing":10,"create:wrench":2,"create:gearbox":6,"minecraft:grass_block":18,"minecraft:oak_button":2,"minecraft:spawner":3,"minecraft:dark_oak_slab":3,"create:creative_motor":2,"minecraft:barrel":2,"minecraft:item_frame":2,"securitycraft:mine":1,"minecraft:cobblestone":31,"travelersbackpack:standard":2,"create:shaft":215,"create:mechanical_drill":21,"create:stressometer":2,"minecraft:ice":9,"minecraft:stripped_oak_log":17,"create:vertical_gearbox":17,"create:large_cogwheel":24},"minecraft:killed":{"creeperoverhaul:badlands_creeper":1,"minecraft:skeleton":12,"minecraft:zombie":1,"alexsmobs:komodo_dragon":1},"minecraft:mined":{"minecraft:grass_block":1,"minecraft:dirt":2},"minecraft:picked_up":{"create:crushed_raw_gold":1,"minecraft:gunpowder":1,"minecraft:dirt":3,"minecraft:bone":16,"minecraft:wheat_seeds":1,"minecraft:gold_nugget":4,"majruszsdifficulty:tattered_leggings":1,"create:cogwheel":11,"minecraft:torch":2,"create:windmill_bearing":1,"minecraft:redstone":1,"create:large_cogwheel":10,"minecraft:arrow":11,"minecraft:rotten_flesh":2,"create:experience_nugget":2,"minecraft:oak_sapling":1160,"majruszsdifficulty:tattered_chestplate":1,"minecraft:cobblestone":2},"minecraft:dropped":{"minecraft:oak_sapling":1152},"minecraft:custom":{"minecraft:mob_kills":15,"minecraft:interact_with_anvil":1,"minecraft:interact_with_crafting_table":1,"minecraft:open_barrel":3,"minecraft:leave_game":8,"minecraft:time_since_death":163276,"minecraft:time_since_rest":163276,"minecraft:sprint_one_cm":47681,"minecraft:walk_one_cm":188101,"minecraft:drop":18,"minecraft:damage_dealt":1926,"minecraft:swim_one_cm":323,"minecraft:fly_one_cm":600791,"minecraft:open_chest":12,"minecraft:crouch_one_cm":2378,"minecraft:play_time":163276,"minecraft:sneak_time":5801,"minecraft:walk_under_water_one_cm":21212,"minecraft:jump":378,"minecraft:walk_on_water_one_cm":26623,"minecraft:total_world_time":163276,"minecraft:inspect_dispenser":2}},"DataVersion":3465}