{"stats":{"minecraft:crafted":{"minecraft:birch_planks":24,"minecraft:spruce_planks":60},"minecraft:used":{"minecraft:dirt":1,"minecraft:mutton":2,"minecraft:birch_planks":5},"minecraft:killed":{"minecraft:sheep":3},"minecraft:mined":{"gravestone:gravestone":1,"minecraft:grass":4,"minecraft:grass_block":1,"minecraft:birch_log":6,"minecraft:spruce_leaves":4,"minecraft:spruce_log":29,"minecraft:birch_leaves":2,"minecraft:blue_bed":1},"minecraft:picked_up":{"minecraft:birch_log":6,"minecraft:spruce_log":28,"minecraft:blue_bed":1,"minecraft:mutton":4,"minecraft:dirt":1,"minecraft:white_wool":2},"minecraft:dropped":{"gravestone:obituary":1},"minecraft:custom":{"minecraft:time_since_rest":1265,"minecraft:crouch_one_cm":1,"minecraft:play_time":20034,"minecraft:sprint_one_cm":17938,"minecraft:walk_one_cm":55721,"minecraft:damage_taken":670,"minecraft:deaths":2,"minecraft:sneak_time":28,"minecraft:mob_kills":3,"minecraft:drop":1,"minecraft:jump":283,"minecraft:damage_dealt":256,"minecraft:leave_game":1,"minecraft:time_since_death":1211,"minecraft:sleep_in_bed":1,"minecraft:total_world_time":20034,"minecraft:fall_one_cm":5000,"minecraft:fly_one_cm":7249,"minecraft:open_chest":3},"minecraft:killed_by":{"minecraft:skeleton":1,"minecraft:creeper":1}},"DataVersion":3465}